{
    "root_group": {
        "groups": {},
        "checks": {
                "status is 200": {
                    "path": "::status is 200",
                    "id": "6210a8cd14cd70477eba5c5e4cb3fb5f",
                    "passes": 1,
                    "fails": 0,
                    "name": "status is 200"
                }
            },
        "name": "",
        "path": "",
        "id": "d41d8cd98f00b204e9800998ecf8427e"
    },
    "metrics": {
        "iteration_duration": {
            "min": 287.6131,
            "avg": 287.6131,
            "max": 287.6131
        },
        "http_req_waiting": {
            "avg": 73.6047,
            "max": 73.6047,
            "min": 73.6047
        },
        "http_reqs": {
            "count": 1,
            "rate": 3.4644200595464523
        },
        "http_req_connecting": {
            "max": 1.0272,
            "avg": 1.0272,
            "min": 1.0272
        },
        "checks": {
            "passes": 1,
            "fails": 0,
            "value": 1
        },
        "data_sent": {
            "count": 442,
            "rate": 1531.273666319532
        },
        "data_received": {
            "count": 15821,
            "rate": 54810.58976208442
        },
        "http_req_sending": {
            "min": 0,
            "avg": 0,
            "max": 0
        },
        "http_req_blocked": {
            "avg": 199.4808,
            "min": 199.4808,
            "max": 199.4808
        },
        "http_req_duration{expected_response:true}": {
            "max": 87.6355,
            "min": 87.6355,
            "avg": 87.6355
        },
        "iterations": {
            "count": 1,
            "rate": 3.4644200595464523
        },
        "http_req_tls_handshaking": {
            "avg": 189.1477,
            "max": 189.1477,
            "min": 189.1477
        },
        "http_req_receiving": {
            "avg": 14.0308,
            "min": 14.0308,
            "max": 14.0308
        },
        "http_req_failed": {
            "passes": 0,
            "fails": 1,
            "value": 0
        },
        "http_req_duration": {
            "avg": 87.6355,
            "min": 87.6355,
            "max": 87.6355
        }
    }
}