{
    "root_group": {
        "path": "",
        "id": "d41d8cd98f00b204e9800998ecf8427e",
        "groups": {},
        "checks": {
                "status is 200": {
                    "fails": 0,
                    "name": "status is 200",
                    "path": "::status is 200",
                    "id": "6210a8cd14cd70477eba5c5e4cb3fb5f",
                    "passes": 1
                }
            },
        "name": ""
    },
    "metrics": {
        "http_req_waiting": {
            "avg": 75.3325,
            "min": 75.3325,
            "max": 75.3325
        },
        "checks": {
            "passes": 1,
            "fails": 0,
            "value": 1
        },
        "iteration_duration": {
            "avg": 294.8627,
            "min": 294.8627,
            "max": 294.8627
        },
        "iterations": {
            "count": 1,
            "rate": 3.3855520887502166
        },
        "http_req_duration": {
            "max": 88.3859,
            "avg": 88.3859,
            "min": 88.3859
        },
        "http_req_duration{expected_response:true}": {
            "max": 88.3859,
            "avg": 88.3859,
            "min": 88.3859
        },
        "http_req_failed": {
            "passes": 0,
            "fails": 1,
            "value": 0
        },
        "http_req_receiving": {
            "avg": 13.0534,
            "min": 13.0534,
            "max": 13.0534
        },
        "http_req_connecting": {
            "avg": 5.6486,
            "min": 5.6486,
            "max": 5.6486
        },
        "http_reqs": {
            "count": 1,
            "rate": 3.3855520887502166
        },
        "http_req_sending": {
            "avg": 0,
            "min": 0,
            "max": 0
        },
        "data_sent": {
            "count": 442,
            "rate": 1496.4140232275959
        },
        "http_req_tls_handshaking": {
            "max": 190.3304,
            "avg": 190.3304,
            "min": 190.3304
        },
        "http_req_blocked": {
            "max": 206.4768,
            "avg": 206.4768,
            "min": 206.4768
        },
        "data_received": {
            "count": 15821,
            "rate": 53562.81959611718
        }
    }
}