{
    "root_group": {
        "name": "",
        "path": "",
        "id": "d41d8cd98f00b204e9800998ecf8427e",
        "groups": {},
        "checks": {
                "status is 200": {
                    "name": "status is 200",
                    "path": "::status is 200",
                    "id": "6210a8cd14cd70477eba5c5e4cb3fb5f",
                    "passes": 168,
                    "fails": 6
                }
            }
    },
    "metrics": {
        "http_req_waiting": {
            "min": 80.4086,
            "med": 335.53575,
            "max": 13305.691,
            "p(90)": 2588.214050000001,
            "p(95)": 3432.720714999999,
            "avg": 990.0941074712645
        },
        "vus_max": {
            "min": 11,
            "max": 11,
            "value": 11
        },
        "data_received": {
            "count": 1971531,
            "rate": 52138.7464089689
        },
        "http_req_connecting": {
            "avg": 0.46757241379310355,
            "min": 0,
            "med": 0,
            "max": 8.1807,
            "p(90)": 0,
            "p(95)": 6.9303
        },
        "iterations": {
            "count": 174,
            "rate": 4.601572014419549
        },
        "http_req_sending": {
            "p(95)": 0,
            "avg": 0.007031609195402299,
            "min": 0,
            "med": 0,
            "max": 0.5084,
            "p(90)": 0
        },
        "vus": {
            "max": 11,
            "value": 1,
            "min": 1
        },
        "http_req_receiving": {
            "avg": 10.685886781609197,
            "min": 0,
            "med": 1.34505,
            "max": 82.4678,
            "p(90)": 70.64899000000001,
            "p(95)": 77.46136
        },
        "http_req_failed": {
            "passes": 6,
            "fails": 168,
            "value": 0.034482758620689655
        },
        "data_sent": {
            "count": 21576,
            "rate": 570.5949297880242
        },
        "http_req_duration": {
            "avg": 1000.7870258620688,
            "min": 84.1975,
            "med": 348.85704999999996,
            "max": 13324.4124,
            "p(90)": 2601.4851100000005,
            "p(95)": 3443.2936199999986
        },
        "checks": {
            "fails": 6,
            "passes": 168,
            "value": 0.9655172413793104
        },
        "http_reqs": {
            "count": 174,
            "rate": 4.601572014419549
        },
        "http_req_blocked": {
            "avg": 26.566890229885058,
            "min": 0,
            "med": 0,
            "max": 421.5222,
            "p(90)": 0,
            "p(95)": 419.05611500000003
        },
        "http_req_tls_handshaking": {
            "min": 0,
            "med": 0,
            "max": 396.1051,
            "p(90)": 0,
            "p(95)": 393.68530999999996,
            "avg": 24.95629885057471
        },
        "http_req_duration{expected_response:true}": {
            "min": 159.1163,
            "med": 368.97720000000004,
            "max": 13324.4124,
            "p(90)": 2644.3373800000013,
            "p(95)": 3503.596980000001,
            "avg": 1033.378619047619
        },
        "iteration_duration": {
            "max": 14327.2284,
            "p(90)": 3687.5927900000015,
            "p(95)": 4542.076389999999,
            "avg": 2028.7694224137927,
            "min": 1084.8358,
            "med": 1374.6822000000002
        }
    }
}